2026-02-08 16:13:19.957487, model_v1.pkl
2026-02-08 17:26:41.257659, model_v1.pkl
2026-02-08 17:29:36.402991, model_v1.pkl
2026-02-08 17:46:12.029276, model_v1.pkl
2026-02-08 17:46:53.926292, model_v1.pkl
2026-02-08 18:51:39.746147, model_v1.pkl
2026-02-08 19:07:25.473143, model_v1.pkl
2026-02-08 19:39:36.684661, model_v1.pkl
2026-02-08 20:18:33.991926, model_v1.pkl
2026-02-08 20:25:30.289656, model_v2.pkl
2026-02-08 20:53:16.841759, model_v2.pkl
2026-02-08 22:54:38.153771, model_v1.pkl
2026-02-08 22:55:59.836576, model_v1.pkl
2026-02-08 23:15:12.324583, model_v2.pkl
2026-02-08 23:20:02.765881, model_v2.pkl
2026-02-08 23:25:48.041974, model_v2.pkl
2026-02-11 16:59:39.934516, model_v2.pkl
2026-02-11 17:01:13.251302, model_v2.pkl
2026-02-11 17:04:01.869241, model_v2.pkl
2026-02-12 16:30:00.399138, model_v3.pkl
